Product ID,Image,Nom,Référence,Catégorie,License,Montant HT,Montant TTC,Quantité
1648,https://ultrapop.com/img/p/1/6/4/164-large_default.jpg,ULTRA ICE TEA - Vegeta - Dragon Ball Z - Ice Tea Pêche 33cL,28989,Ultra Ice Tea,Dragon Ball Z,1.24,"1,31 €",853
1688,https://ultrapop.com/img/p/1/6/7/167-large_default.jpg,ULTRA ICE TEA - Sasuke - Naruto - Ice Tea Pêche 33cL,28545,Ultra Ice Tea,Naruto,1.886256,"1,99 €",65
1689,https://ultrapop.com/img/p/1/6/8/168-large_default.jpg,ULTRA ICE TEA - Naruto - Naruto - Ice Tea Pêche 33cL,28569,Ultra Ice Tea,Naruto,1.886256,"1,99 €",246
1690,https://ultrapop.com/img/p/1/6/9/169-large_default.jpg,ULTRA ICE TEA - Zoro - One Piece - Ice Tea Pêche 33cL,28903,Ultra Ice Tea,One Piece,1.886256,"1,99 €",410
1691,https://ultrapop.com/img/p/1/7/0/170-large_default.jpg,ULTRA ICE TEA - Luffy - One Piece - Ice Tea Pêche 33cL,28927,Ultra Ice Tea,One Piece,1.886256,"1,99 €",242
1692,https://ultrapop.com/img/p/1/7/1/171-large_default.jpg,ULTRA ICE TEA - Goku - Dragon Ball Z - Ice Tea Pêche 33cL,28965,Ultra Ice Tea,Dragon Ball Z,1.886256,"1,99 €",55
1693,https://ultrapop.com/img/p/1/4/9/149-large_default.jpg,ULTRAPOP - Zoro Chibi - One Piece - Cerise 33cL,30006,Boissons aromatisées aux fruits,One Piece,1.507109,"1,59 €",0
1694,https://ultrapop.com/img/p/1/4/8/148-large_default.jpg,ULTRAPOP - Luffy Chibi - One Piece - Cerise 33cL,30037,Boissons aromatisées aux fruits,One Piece,1.507109,"1,59 €",0
1698,https://ultrapop.com/img/p/1/4/7/147-large_default.jpg,ULTRAPOP - Vegeta Chibi - Dragon Ball Z - Fraise 33cL,30793,Boissons aromatisées aux fruits,Dragon Ball Z,1.507109,"1,59 €",0
1700,https://ultrapop.com/img/p/1/4/6/146-large_default.jpg,ULTRAPOP - Goku Chibi - Dragon Ball Z - Fraise 33cL,30823,Boissons aromatisées aux fruits,Dragon Ball Z,1.507109,"1,59 €",0
1701,https://ultrapop.com/img/p/1/4/5/145-large_default.jpg,ULTRAPOP - Sasuke Chibi - Naruto - Tropical 33cL,30915,Boissons aromatisées aux fruits,Naruto,1.507109,"1,59 €",0
1702,https://ultrapop.com/img/p/1/4/4/144-large_default.jpg,ULTRAPOP - Naruto Chibi - Naruto - Tropical 33cL,30946,Boissons aromatisées aux fruits,Naruto,1.507109,"1,59 €",0
1703,https://ultrapop.com/img/p/1/4/2/142-large_default.jpg,ULTRA ICE TEA - Sukuna - Jujutsu Kaisen - Ice Tea Fruits Rouges 50cL,32112,Ultra Ice Tea - Thé noir Aromatisé,Jujutsu Kaisen,2.739336,"2,89 €",153
1704,https://ultrapop.com/img/p/1/4/1/141-large_default.jpg,ULTRA ICE TEA - Mahito - Jujutsu Kaisen - Ice Tea Fruits Rouges 50cL,32143,Ultra Ice Tea - Thé noir Aromatisé,Jujutsu Kaisen,2.739336,"2,89 €",0
1705,https://ultrapop.com/img/p/1/4/3/143-large_default.jpg,ULTRA ICE TEA - Geto - Jujutsu Kaisen - Ice Tea Fruits Rouges 50cL,32174,Ultra Ice Tea - Thé noir Aromatisé,Jujutsu Kaisen,2.739336,"2,89 €",0
1706,https://ultrapop.com/img/p/1/4/0/140-large_default.jpg,ULTRA ICE TEA - Gojo - Jujutsu Kaisen - Ice Tea Fruits Rouges 50cL,32204,Ultra Ice Tea - Thé noir Aromatisé,Jujutsu Kaisen,2.739336,"2,89 €",147
1707,https://ultrapop.com/img/p/1/3/9/139-large_default.jpg,ULTRA ICE TEA - Kugisaki - Jujutsu Kaisen - Ice Tea Fruits Rouges 50cL,32235,Ultra Ice Tea - Thé noir Aromatisé,Jujutsu Kaisen,2.739336,"2,89 €",0
1708,https://ultrapop.com/img/p/1/3/8/138-large_default.jpg,ULTRA ICE TEA - Fushiguro - Jujutsu Kaisen - Ice Tea Fruits Rouges 50cL,32266,Ultra Ice Tea - Thé noir Aromatisé,Jujutsu Kaisen,2.739336,"2,89 €",0
1709,https://ultrapop.com/img/p/1/3/7/137-large_default.jpg,ULTRA ICE TEA - Itadori - Jujutsu Kaisen - Ice Tea Fruits Rouges 50cL,32297,Ultra Ice Tea - Thé noir Aromatisé,Jujutsu Kaisen,2.739336,"2,89 €",152
1722,https://ultrapop.com/img/p/1/3/6/136-large_default.jpg,ULTRA ICE TEA - Chopper - One Piece EggHead - Ice Tea Citron 50cL,33411,Ultra Ice Tea - Thé noir Aromatisé,One Piece,2.739336,"2,89 €",153
1723,https://ultrapop.com/img/p/1/3/5/135-large_default.jpg,ULTRA ICE TEA - Nami - One Piece EggHead - Ice Tea Citron 50cL,33442,Ultra Ice Tea - Thé noir Aromatisé,One Piece,2.739336,"2,89 €",151
1724,https://ultrapop.com/img/p/1/3/4/134-large_default.jpg,ULTRA ICE TEA - Sanji - One Piece EggHead - Ice Tea Citron 50cL,33473,Ultra Ice Tea - Thé noir Aromatisé,One Piece,2.739336,"2,89 €",153
1725,https://ultrapop.com/img/p/1/3/3/133-large_default.jpg,ULTRA ICE TEA - Zoro - One Piece EggHead - Ice Tea Citron 50cL,33503,Ultra Ice Tea - Thé noir Aromatisé,One Piece,2.739336,"2,89 €",153
1726,https://ultrapop.com/img/p/1/3/2/132-large_default.jpg,ULTRA ICE TEA - Luffy - One Piece EggHead - Ice Tea Citron 50cL,33534,Ultra Ice Tea - Thé noir Aromatisé,One Piece,2.739336,"2,89 €",148
1728,https://ultrapop.com/img/p/1/3/1/131-large_default.jpg,ULTRAPOP - Vi - Arcane - Tropical 33cL,34890,Boissons aromatisées aux fruits,Arcane,1.507109,"1,59 €",0
1729,https://ultrapop.com/img/p/1/3/0/130-large_default.jpg,ULTRAPOP - Jinx - Arcane - Tropical 33cL,34920,Boissons aromatisées aux fruits,Arcane,1.507109,"1,59 €",0
1769,https://ultrapop.com/img/p/1/2/0/120-large_default.jpg,ULTRAPOP - Naruto - Naruto - Soda Orange 33cL,38788,Soda,Naruto,1.317536,"1,39 €",96
1770,https://ultrapop.com/img/p/1/1/9/119-large_default.jpg,ULTRAPOP - Luffy - One Piece - Soda Citron Fraise 33cL,38849,Soda,One Piece,1.317536,"1,39 €",96
1771,https://ultrapop.com/img/p/1/1/8/118-large_default.jpg,ULTRAPOP - Goku - Dragon Ball Super - Soda Fraise Banane 33cL,38870,Soda,Dragon Ball Super,1.317536,"1,39 €",73
1772,https://ultrapop.com/img/p/1/1/7/117-large_default.jpg,KOMESAN - Zoro - One Piece - Chips de riz Ketchup 60g,40702,Komesan - Chips de riz,One Piece,1.88,"1,98 €",0
1773,https://ultrapop.com/img/p/1/1/6/116-large_default.jpg,KOMESAN - Luffy - One Piece - Chips de riz Barbecue 60g,40726,Komesan - Chips de riz,One Piece,1.88,"1,98 €",0
1776,https://ultrapop.com/img/p/1/1/3/113-large_default.jpg,KOMESAN - Kakashi - Naruto - Chips de riz Cream & Onion 60g,41665,Komesan - Chips de riz,Naruto,1.88,"1,98 €",0
1780,https://ultrapop.com/img/p/1/1/1/111-large_default.jpg,KOMESAN - Vegeta - Dragon Ball Super - Piment 60g,42603,Tous les produits,Dragon Ball Super,2.64455,"2,79 €",0
1781,https://ultrapop.com/img/p/1/1/0/110-large_default.jpg,KOMESAN - Goku - Dragon Ball Super - Pizza 60g,42634,Tous les produits,Dragon Ball Super,2.64455,"2,79 €",0
1782,https://ultrapop.com/img/p/1/0/9/109-large_default.jpg,GUMISAN - Luffy - One Piece - Bonbons gélifiés Raisin 180g,50320,Gumisan - Sachets de bonbons,One Piece,2.491667,"2,99 €",163
1784,https://ultrapop.com/img/p/1/0/7/107-large_default.jpg,GUMISAN - Luffy - One Piece - Bonbons fils Fraise 75g,50566,Gumisan - Sachets de bonbons,One Piece,2.491667,"2,99 €",0
1785,https://ultrapop.com/img/p/1/0/6/106-large_default.jpg,GUMISAN - Naruto - Naruto - Bonbons rubans Fraise 75g,51163,Gumisan - Sachets de bonbons,Naruto,2.491667,"2,99 €",0
1786,https://ultrapop.com/img/p/1/0/5/105-large_default.jpg,GUMISAN - Naruto - Naruto - Bonbons gélifiés Cerise et Pomme 180g,51269,Gumisan - Sachets de bonbons,Naruto,2.491667,"2,99 €",0
1787,https://ultrapop.com/img/p/1/0/4/104-large_default.jpg,"NEGISAN - Robin, Franky, Brook - One Piece - Nouilles instantanées Bœuf épicé 65g",60144,Negisan - Nouilles instantanées,One Piece,2.170616,"2,29 €",0
1788,https://ultrapop.com/img/p/1/0/3/103-large_default.jpg,"NEGISAN - Sanji, Chopper, Usopp - One Piece - Nouilles instantanées Légumes épicés 65g",60894,Negisan - Nouilles instantanées,One Piece,2.170616,"2,29 €",0
1789,https://ultrapop.com/img/p/1/0/2/102-large_default.jpg,"NEGISAN - Luffy, Zoro, Nami - One Piece - Nouilles instantanées Poulet Teriyaki 65g",60924,Negisan - Nouilles instantanées,One Piece,2.170616,"2,29 €",0
1791,https://ultrapop.com/img/p/1/0/0/100-large_default.jpg,"NEGISAN - Naruto, Sasuke - Naruto - Nouilles instantanées Poulet Teriyaki 65g",61863,Negisan - Nouilles instantanées,Naruto,2.170616,"2,29 €",0
1793,https://ultrapop.com/img/p/6/4/64-large_default.jpg,CHIPSAN - Luffy VS Lucci - One Piece - Chips Poulet & Citron 110g,70128,Chipsan - Chips de pommes de terre,One Piece,2.549763,"2,69 €",0
1794,https://ultrapop.com/img/p/9/8/98-large_default.jpg,CHIPSAN - Naruto VS Sasuke - Naruto - Chips Pizza 110g,71098,Chipsan - Chips de pommes de terre,Naruto,2.549763,"2,69 €",0
1795,https://ultrapop.com/img/p/9/7/97-large_default.jpg,CHIPSAN - Goku VS Freezer - Dragon Ball Z - Chips Oignons Caramélisés 110g,72067,Chipsan - Chips de pommes de terre,Dragon Ball Z,2.549763,"2,69 €",0
1796,https://ultrapop.com/img/p/6/7/67-large_default.jpg,CHIPSAN - Jinx VS Vi- Arcane - Chips Barbecue 110g,75005,Chipsan - Chips de pommes de terre,Arcane,2.549763,"2,69 €",0
1797,https://ultrapop.com/img/p/9/6/96-large_default.jpg,YOKOSAN - Naruto Shippuden - Céréales Cookies Cream 350g,80022,Yokosan - Boites de céréales,Naruto,3.781991,"3,99 €",0
1798,https://ultrapop.com/img/p/1/6/6/166-large_default.jpg,YOKOSAN - One Piece - Céréales Chocolat 350g,80053,Yokosan - Boites de céréales,One Piece,3.781991,"3,99 €",0
1799,https://ultrapop.com/img/p/6/0/60-large_default.jpg,YOKOSAN - Dragon Ball Super - Céréales Miel 350g,80112,Yokosan - Boites de céréales,Dragon Ball Super,3.781991,"3,99 €",0
1804,https://ultrapop.com/img/p/9/5/95-large_default.jpg,ULTRAPOP - Inosuke - Demon Slayer - Litchi 33cL,30562,Boissons aromatisées aux fruits,Demon Slayer,1.86,"1,96 €",0
1805,https://ultrapop.com/img/p/9/4/94-large_default.jpg,ULTRAPOP - Zenitsu - Demon Slayer - Litchi 33cL,30593,Boissons aromatisées aux fruits,Demon Slayer,1.86,"1,96 €",0
1806,https://ultrapop.com/img/p/9/3/93-large_default.jpg,ULTRAPOP - Nezuko - Demon Slayer - Litchi 33cL,30623,Boissons aromatisées aux fruits,Demon Slayer,1.86,"1,96 €",0
1807,https://ultrapop.com/img/p/9/2/92-large_default.jpg,ULTRAPOP - Tanjiro - Demon Slayer - Litchi 33cL,30654,Boissons aromatisées aux fruits,Demon Slayer,0,"0,00 €",0
1812,https://ultrapop.com/img/p/9/1/91-large_default.jpg,BOBBASAN - Goku - Dragon Ball Super - Bubble Tea Poire & Melon 32cL,39389,Bobbasan,Dragon Ball Super,2.06,"2,17 €",0
1813,https://ultrapop.com/img/p/9/0/90-large_default.jpg,BOBBASAN - Naruto - Naruto - Bubble Tea Fruit de la Passion & Litchi 32cL,39419,Bobbasan,Naruto,2.06,"2,17 €",0
1814,https://ultrapop.com/img/p/8/9/89-large_default.jpg,BOBBASAN - Luffy - One Piece - Bubble Tea Fraise & Pêche 32cL,39440,Bobbasan,One Piece,2.06,"2,17 €",0
1817,https://ultrapop.com/img/p/1/7/2/172-large_default.jpg,KOMESAN - Naruto - Naruto - Chips de riz Fromage 60g,41689,Komesan - Chips de riz,Naruto,1.88,"1,98 €",0
1819,https://ultrapop.com/img/p/8/8/88-large_default.jpg,KOMESAN - Demon Slayer - Chips de riz Moutarde & Miel 60g,43678,Komesan - Chips de riz,Demon Slayer,1.88,"1,98 €",0
1822,https://ultrapop.com/img/p/8/5/85-large_default.jpg,GUMISAN - Goku - Dragon Ball Super - Bonbons fils Tropical 75g,52559,Gumisan - Sachets de bonbons,Dragon Ball Super,1.75,"2,10 €",0
1828,https://ultrapop.com/img/p/7/9/79-large_default.jpg,CHIPSAN - Rui VS Tanjiro - Demon Slayer - Chips Teriyaki 110g,73746,Chipsan - Chips de pommes de terre,Demon Slayer,1.88,"1,98 €",0
1833,https://ultrapop.com/img/p/7/7/77-large_default.jpg,BOX BUNDLE - Food Box Dragon Ball Z & Dragon Ball Super,90962,Box bundle,Dragon Ball Z / Dragon Ball Super,18.9,"19,94 €",170
1834,https://ultrapop.com/img/p/7/6/76-large_default.jpg,BOX BUNDLE - Food Box Naruto,90900,Box bundle,Naruto,18.9,"19,94 €",256
1835,https://ultrapop.com/img/p/1/6/0/160-large_default.jpg,BOX BUNDLE - Food Box One Piece,90931,Box bundle,One Piece,18.9,"19,94 €",242
1686,https://ultrapop.com/img/p/fr-default-large_default.jpg,ULTRA ICE TEA - DRAGON BALL SUPER - GOKU,18008,Dragon Ball Super,Dragon Ball Super,2.739336,"2,89 €",9
1687,https://ultrapop.com/img/p/fr-default-large_default.jpg,ULTRA ICE TEA - DRAGON BALL SUPER - VEGETO,18077,Dragon Ball Super,Dragon Ball Super,2.739336,"2,89 €",0
1735,https://ultrapop.com/img/p/1/2/9/129-large_default.jpg,ULTRAPOP - DEMON SLAYER - INOSUKE - 33cL,35562,Boissons aromatisées aux fruits,Demon Slayer,1.507109,"1,59 €",0
1736,https://ultrapop.com/img/p/1/2/8/128-large_default.jpg,ULTRAPOP - DEMON SLAYER - ZENITSU - 33cL,35593,Boissons aromatisées aux fruits,Demon Slayer,1.507109,"1,59 €",0
1737,https://ultrapop.com/img/p/1/2/7/127-large_default.jpg,ULTRAPOP - DEMON SLAYER - NEZUKO - 33cL,35623,Boissons aromatisées aux fruits,Demon Slayer,1.507109,"1,59 €",0
1738,https://ultrapop.com/img/p/1/2/6/126-large_default.jpg,ULTRAPOP - DEMON SLAYER - TANJIRO - 33cL,35654,Boissons aromatisées aux fruits,Demon Slayer,1.507109,"1,59 €",0
1748,https://ultrapop.com/img/p/1/2/4/124-large_default.jpg,ULTRA POP - UIT BBT - BUBBLE TEA POIRE & MELON - DBS,80389,Bobbasan,Dragon Ball Super,2.549763,"2,69 €",79
1749,https://ultrapop.com/img/p/1/2/5/125-large_default.jpg,ULTRA POP - UIT BBT - BUBBLE TEA FRUIT DE LA PASSION & LITCHI - NRTO,80419,Bobbasan,Naruto,2.549763,"2,69 €",102
1750,https://ultrapop.com/img/p/1/2/3/123-large_default.jpg,ULTRA POP - UIT BBT - BUBBLE TEA PæCHE & FRAISE - OP,80440,Bobbasan,One Piece,2.549763,"2,69 €",0
1768,https://ultrapop.com/img/p/1/2/1/121-large_default.jpg,ULTRA POP - CHIPSAN - CHIPS DE PDT TERIYAKI - DEMON SLAYER,34746,Chipsan - Chips de pommes de terre,Demon Slayer,2.388626,"2,52 €",0
1774,https://ultrapop.com/img/p/1/1/5/115-large_default.jpg,ULTRA POP - KOMESAN - RICE CHIPS KETCHUP - OP - ZORO,40743,Komesan - Chips de riz,One Piece,2.64455,"2,79 €",0
1775,https://ultrapop.com/img/p/1/1/4/114-large_default.jpg,ULTRA POP - KOMESAN - RICE CHIPS BARBECUE - OP - LUFFY,40767,Komesan - Chips de riz,One Piece,2.64455,"2,79 €",0
1777,https://ultrapop.com/img/p/1/5/5/155-large_default.jpg,ULTRA POP - KOMESAN - CHIPS DE RIZ FROMAGE - NRTO - NARUTO,43729,Chipsan - Chips de pommes de terre,Naruto,2.64455,"2,79 €",0
1778,https://ultrapop.com/img/p/1/1/2/112-large_default.jpg,ULTRA POP- KOMESAN - RICE CHIPS CREAM AND ONION - NRTO - KAKASHI,41705,Chipsan - Chips de pommes de terre,Naruto,2.64455,"2,79 €",1
1790,https://ultrapop.com/img/p/1/0/1/101-large_default.jpg,ULTRA POP - NEGISAN - CUP NOODLES SPICY VEGETABLES - SAKURA / KAKASHI,61832,Negisan - Nouilles instantanées,Naruto,2.170616,"2,29 €",0
1792,https://ultrapop.com/img/p/9/9/99-large_default.jpg,NEW 2026 - ULTRA POP - NEGISAN - CUP NOUILLES INSTANTANES CURRY - DBS - GOKU,66145,Negisan - Nouilles instantanées,Dragon Ball Super,1.63,"1,72 €",0
1803,https://ultrapop.com/img/p/fr-default-large_default.jpg,ULTRAPOP - PET 33CL DRAGON FRUIT - LOL - YASUO,30449,Boissons aromatisées aux fruits,League of Legends,1.86,"1,96 €",0
1808,https://ultrapop.com/img/p/fr-default-large_default.jpg,ULTRAPOP - PET 33 CL DRAGON FRUIT - LOL - AHRI,30854,Boissons aromatisées aux fruits,League of Legends,1.86,"1,96 €",0
1818,https://ultrapop.com/img/p/fr-default-large_default.jpg,KOMESAN - CHIPS DE RIZ FROMAGE - NRT - NARUTO,41729,Chipsan - Chips de pommes de terre,Naruto,1.88,"1,98 €",0
1820,https://ultrapop.com/img/p/8/7/87-large_default.jpg,GUMISAN - BONBON RAISIN - OP - LUFFY 140GR,50306,Gumisan - Sachets de bonbons,One Piece,1.75,"2,10 €",0
1821,https://ultrapop.com/img/p/8/6/86-large_default.jpg,GUMISAN - BONBON POMME & CERISE - NRT - NARUTO 140GR,51283,Gumisan - Sachets de bonbons,Naruto,1.75,"2,10 €",0